Estimate #,Company Name,Connect Person,Phone Number,Mail Id,Item,Quantity,Rate,Amount,Sales Person,Date,Branch
EST-483001,Solaris Interiors Pvt. Ltd.,Meera Nair,+91 98250 41127,meera.nair@solarisinteriors.in,Modular Kitchen Cabinetry,1,250320,250320,Vikram Rao,2026-07-03,Sparkling Techo Tools
EST-483002,Vantage Retail Solutions,Arjun Bhatt,+91 97230 55810,arjun.bhatt@vantageretail.in,POS Display Racks Installation,1,118600,118600,Ananya Shah,2026-07-04,Trinetra Technoworld PVT LTD
EST-483003,Nimbus Cloud Systems,Kavya Iyer,+91 99046 21837,kavya.iyer@nimbuscloud.io,Cloud Server Migration Package,1,345000,345000,Rohan Mehta,2026-07-05,Sparkling Techo Tools
EST-483004,Coastline Textiles Ltd.,Farhan Sheikh,+91 90999 74412,farhan@coastlinetextiles.in,Bulk Cotton Fabric Order,1,420000,420000,Priya Desai,2026-07-06,Trinetra Technoworld PVT LTD
EST-483005,Zenith Constructions,Devika Patel,+91 98795 33021,devika.patel@zenithcon.in,Site Development - Phase 1,1,875000,875000,Vikram Rao,2026-07-07,Sparkling Techo Tools
EST-483006,Aurelia Hospitality Group,Rahul Kapoor,+91 96011 88345,rahul.kapoor@aureliahg.com,Banquet Hall Renovation,1,560400,560400,Karan Solanki,2026-07-08,Trinetra Technoworld PVT LTD
EST-483007,Bluepeak Logistics,Simran Kaur,+91 94261 77003,simran.kaur@bluepeaklog.in,Fleet GPS Tracking Setup,1,68000,68000,Ananya Shah,2026-07-09,Sparkling Techo Tools
EST-483008,Silverline Diamonds,Rajesh Jain,+91 98980 12456,rajesh.jain@silverlinediam.in,Diamond Polishing Equipment,1,612000,612000,Priya Desai,2026-07-10,Trinetra Technoworld PVT LTD
EST-483009,Meridian Healthcare,Dr. Anita Rao,+91 90512 66890,anita.rao@meridianhc.in,ICU Equipment Supply,1,984500,984500,Rohan Mehta,2026-07-11,Sparkling Techo Tools
EST-483010,Orbit Digital Media,Yash Trivedi,+91 99789 40021,yash.trivedi@orbitdigital.in,Corporate Video Production,1,145000,145000,Karan Solanki,2026-07-12,Trinetra Technoworld PVT LTD
EST-483011,Crestwood Realty,Neha Choksi,+91 97129 65543,neha.choksi@crestwoodrealty.in,Property Staging Package,1,210000,210000,Vikram Rao,2026-07-13,Sparkling Techo Tools
EST-483012,Prism Packaging Co.,Sameer Vora,+91 90332 18877,sameer.vora@prismpack.in,Custom Packaging Design,1,54300,54300,Ananya Shah,2026-07-14,Trinetra Technoworld PVT LTD
EST-483013,Ashoka Engineering Works,Bhavesh Patel,+91 98240 33019,bhavesh.patel@ashokaeng.in,Structural Steel Fabrication,1,732000,732000,Priya Desai,2026-07-15,Sparkling Techo Tools
EST-483014,Vega Apparel Exports,Rita Furtado,+91 96874 20156,rita.furtado@vegaapparel.in,Export Garment Batch - Q3,1,590000,590000,Rohan Mehta,2026-07-16,Trinetra Technoworld PVT LTD
EST-483015,Harborline Foods Pvt. Ltd.,Manoj Tiwari,+91 99256 71042,manoj.tiwari@harborlinefoods.in,Cold Storage Unit Installation,1,315600,315600,Karan Solanki,2026-07-17,Sparkling Techo Tools
EST-483016,Lotus Gems & Jewellery,Payal Shah,+91 97141 88602,payal.shah@lotusgems.in,Jewellery Display Counters,1,192000,192000,Vikram Rao,2026-07-18,Trinetra Technoworld PVT LTD
EST-483017,Falcon Automation Systems,Kiran Deshmukh,+91 90212 44980,kiran.deshmukh@falconauto.in,PLC Automation Panel,1,276000,276000,Ananya Shah,2026-07-19,Sparkling Techo Tools
EST-483018,Riverdale Furnishings,Alok Menon,+91 98604 15577,alok.menon@riverdalefurn.in,Sofa & Upholstery Set,1,164200,164200,Priya Desai,2026-07-20,Trinetra Technoworld PVT LTD
EST-483019,Skyline Event Studios,Tanvi Oza,+91 99913 20064,tanvi.oza@skylineevents.in,Wedding Decor Package,1,445000,445000,Karan Solanki,2026-07-21,Sparkling Techo Tools
EST-483020,Trident Chemicals Ltd.,Suresh Nambiar,+91 97802 55341,suresh.nambiar@tridentchem.in,Industrial Chemical Drums,1,388000,388000,Rohan Mehta,2026-07-22,Trinetra Technoworld PVT LTD
EST-483021,Amber Interiors & Decor,Ritu Malhotra,+91 98332 07714,ritu.malhotra@amberinteriors.in,False Ceiling & Lighting,1,128900,128900,Vikram Rao,2026-07-23,Sparkling Techo Tools
EST-483022,Sapphire Textiles Mills,Imran Qureshi,+91 90048 61225,imran.qureshi@sapphiretex.in,Textile Dyeing Machinery,1,645000,645000,Ananya Shah,2026-07-24,Trinetra Technoworld PVT LTD
EST-483023,Granite Infra Projects,Deepak Solanki,+91 99742 30189,deepak.solanki@graniteinfra.in,Road Infra Consultation,1,295500,295500,Priya Desai,2026-07-25,Sparkling Techo Tools
EST-483024,Coral Diamond Exports,Nisha Vaghela,+91 97381 44902,nisha.vaghela@coraldiamond.in,Loose Diamond Consignment,1,1120000,1120000,Karan Solanki,2026-07-26,Trinetra Technoworld PVT LTD
EST-483025,Everest Facility Management,Ramesh Iyengar,+91 98671 09933,ramesh.iyengar@everestfm.in,Facility Deep Cleaning Contract,1,87400,87400,Rohan Mehta,2026-07-27,Sparkling Techo Tools
EST-483026,Marina Silk Mills,Kajal Rathod,+91 90876 52218,kajal.rathod@marinasilk.in,Silk Saree Bulk Order,1,360000,360000,Vikram Rao,2026-07-28,Trinetra Technoworld PVT LTD
EST-483027,Northgate Consultants,Ajay Kulkarni,+91 96543 88071,ajay.kulkarni@northgatecon.in,IT Strategy Consultation,1,105000,105000,Ananya Shah,2026-07-29,Sparkling Techo Tools
EST-483028,Diamond City Traders,Heena Sheth,+91 99201 66754,heena.sheth@diamondcitytraders.in,Gold Jewellery Display Setup,1,238000,238000,Priya Desai,2026-07-30,Trinetra Technoworld PVT LTD
EST-483029,Highrise Builders Pvt. Ltd.,Vishal Chauhan,+91 98123 40567,vishal.chauhan@highrisebuilders.in,Elevator Installation - Tower B,1,950000,950000,Karan Solanki,2026-07-31,Sparkling Techo Tools
EST-483030,Southport Textiles,Farida Ansari,+91 97650 82291,farida.ansari@southporttex.in,Cotton Yarn Supply,1,274300,274300,Rohan Mehta,2026-08-01,Trinetra Technoworld PVT LTD
